{
  "country_label": "Singapore",
  "country_key": "singapore",
  "param": "windspeed",
  "horizon_days": 7,
  "backtest_metrics": {
    "MAE": 0.7817913953917367,
    "RMSE": 0.9480179605845702,
    "MAPE%": 24.97895407074528,
    "R2": -1.57820542029209
  },
  "train_window_days": 730,
  "input_size": 365,
  "max_steps": 500,
  "saved_at": "2025-08-23T09:21:31.900084Z"
}