{
  "country_label": "Singapore",
  "country_key": "singapore",
  "param": "temp_max",
  "horizon_days": 7,
  "backtest_metrics": {
    "MAE": 1.3268463870457243,
    "RMSE": 1.5979257853722404,
    "MAPE%": 4.389348239471763,
    "R2": -3.021511067523602
  },
  "train_window_days": 730,
  "input_size": 365,
  "max_steps": 500,
  "saved_at": "2025-08-23T09:19:39.385329Z"
}