{
  "country_label": "United States",
  "country_key": "america",
  "param": "temp_max",
  "horizon_days": 14,
  "backtest_metrics": {
    "MAE": 2.4446907049944606,
    "RMSE": 2.8439047949152845,
    "MAPE%": 8.441345165511748,
    "R2": -3.045571459614977
  },
  "train_window_days": 730,
  "input_size": 365,
  "max_steps": 500,
  "saved_at": "2025-08-23T09:25:07.327157Z"
}