{
  "country_label": "Singapore",
  "country_key": "singapore",
  "param": "temp_max",
  "horizon_days": 14,
  "backtest_metrics": {
    "MAE": 1.180694220666172,
    "RMSE": 1.4945350973058045,
    "MAPE%": 3.92827461086816,
    "R2": -1.1088487516750998
  },
  "train_window_days": 730,
  "input_size": 365,
  "max_steps": 500,
  "saved_at": "2025-08-23T09:19:58.144792Z"
}