{
  "country_label": "United States",
  "country_key": "america",
  "param": "precipitation",
  "horizon_days": 14,
  "backtest_metrics": {
    "MAE": 2.433937056577829,
    "RMSE": 4.180814145284856,
    "MAPE%": 187.2633297955421,
    "R2": -5.54342361870344
  },
  "train_window_days": 730,
  "input_size": 365,
  "max_steps": 500,
  "saved_at": "2025-08-23T09:23:01.464440Z"
}