{
  "country_label": "United States",
  "country_key": "america",
  "param": "soil_moisture",
  "horizon_days": 14,
  "backtest_metrics": {
    "MAE": 0.0502339552271933,
    "RMSE": 0.0605272319438567,
    "MAPE%": 25.14451879610585,
    "R2": -3.3551552329212884
  },
  "train_window_days": 730,
  "input_size": 365,
  "max_steps": 500,
  "saved_at": "2025-08-23T09:24:06.796812Z"
}