{
  "country_label": "United States",
  "country_key": "america",
  "param": "temp_max",
  "horizon_days": 7,
  "backtest_metrics": {
    "MAE": 1.9054042025974811,
    "RMSE": 2.2247366832010167,
    "MAPE%": 6.473745859062738,
    "R2": -2.053961935302936
  },
  "train_window_days": 730,
  "input_size": 365,
  "max_steps": 500,
  "saved_at": "2025-08-23T09:24:48.559790Z"
}