{
  "country_label": "United States",
  "country_key": "america",
  "param": "windspeed",
  "horizon_days": 3,
  "backtest_metrics": {
    "MAE": 1.1316963414540364,
    "RMSE": 1.3070419876391095,
    "MAPE%": 30.570868922190304,
    "R2": -7.811450557461213
  },
  "train_window_days": 730,
  "input_size": 365,
  "max_steps": 500,
  "saved_at": "2025-08-23T09:26:28.705501Z"
}