{
  "country_label": "Singapore",
  "country_key": "singapore",
  "param": "windspeed",
  "horizon_days": 3,
  "backtest_metrics": {
    "MAE": 0.6533986563909621,
    "RMSE": 0.7519836259949445,
    "MAPE%": 20.26989351867123,
    "R2": -2.638655788742899
  },
  "train_window_days": 730,
  "input_size": 365,
  "max_steps": 500,
  "saved_at": "2025-08-23T09:21:13.136630Z"
}