{
  "country_label": "Singapore",
  "country_key": "singapore",
  "param": "soil_moisture",
  "horizon_days": 3,
  "backtest_metrics": {
    "MAE": 0.0294634386395651,
    "RMSE": 0.0317339913703898,
    "MAPE%": 7.001161922082192,
    "R2": -23.78406334929636
  },
  "train_window_days": 730,
  "input_size": 365,
  "max_steps": 500,
  "saved_at": "2025-08-23T09:18:21.674082Z"
}