{
  "country_label": "Singapore",
  "country_key": "singapore",
  "param": "temp_min",
  "horizon_days": 7,
  "backtest_metrics": {
    "MAE": 0.6578625515529086,
    "RMSE": 0.7576926163646306,
    "MAPE%": 2.774663644016173,
    "R2": -1.4907411117981433
  },
  "train_window_days": 730,
  "input_size": 365,
  "max_steps": 500,
  "saved_at": "2025-08-23T09:20:35.612324Z"
}