{
  "country_label": "Singapore",
  "country_key": "singapore",
  "param": "soil_moisture",
  "horizon_days": 14,
  "backtest_metrics": {
    "MAE": 0.0331028744971671,
    "RMSE": 0.039172172326436,
    "MAPE%": 7.870864332022681,
    "R2": -3.41988726466436
  },
  "train_window_days": 730,
  "input_size": 365,
  "max_steps": 500,
  "saved_at": "2025-08-23T09:19:01.688685Z"
}