{
  "country_label": "Singapore",
  "country_key": "singapore",
  "param": "temp_min",
  "horizon_days": 14,
  "backtest_metrics": {
    "MAE": 0.7914676627334284,
    "RMSE": 0.9579599827531166,
    "MAPE%": 3.320933414700708,
    "R2": -1.598632914358232
  },
  "train_window_days": 730,
  "input_size": 365,
  "max_steps": 500,
  "saved_at": "2025-08-23T09:20:54.429355Z"
}