{
  "country_label": "Singapore",
  "country_key": "singapore",
  "param": "soil_moisture",
  "horizon_days": 7,
  "backtest_metrics": {
    "MAE": 0.0333887179800442,
    "RMSE": 0.0375877987393166,
    "MAPE%": 8.054817630058293,
    "R2": -5.115083152919659
  },
  "train_window_days": 730,
  "input_size": 365,
  "max_steps": 500,
  "saved_at": "2025-08-23T09:18:41.659062Z"
}