{
  "country_label": "India",
  "country_key": "india",
  "param": "windspeed",
  "horizon_days": 7,
  "backtest_metrics": {
    "MAE": 1.1948924062933242,
    "RMSE": 1.4794711907437603,
    "MAPE%": 26.382877121107377,
    "R2": -1.1678512343833538
  },
  "train_window_days": 730,
  "input_size": 365,
  "max_steps": 500,
  "saved_at": "2025-08-23T09:16:35.408004Z"
}