{
  "country_label": "Singapore",
  "country_key": "singapore",
  "param": "precipitation",
  "horizon_days": 3,
  "backtest_metrics": {
    "MAE": 6.296917881852104,
    "RMSE": 7.619591770185152,
    "MAPE%": 978.9994262480992,
    "R2": -1091.0495897608916
  },
  "train_window_days": 730,
  "input_size": 365,
  "max_steps": 500,
  "saved_at": "2025-08-23T09:17:19.925140Z"
}